,Title
0,Latest Headlines on CNN Business
2,China wants to take a victory lap over its handling of the coronavirus outbreak
3,Coronavirus disinformation creates challenges for China's government
4,China coronavirus: Eating wild animals made illegal but ending the trade won't be easy
5,China's economy could shrink for the first time in decades because of the coronavirus
6,China and Japan's budding relationship in the time of coronavirus
7,Coronavirus is fast becoming an 'economic pandemic'
8,"A history of Wuhan, one-time Chinese capital and coronavirus epicenter"
9,Global stocks pull back from the edge after historic sell-off
10,Chinese diplomat promotes conspiracy theory that US military brought virus to Wuhan
11,"Putin and Xi are using the coronavirus crisis to extend their control. Across the world, Trump is struggling to keep up"
12,How this South Korean company created coronavirus test kits in three weeks
13,The 30 most troubling lines from Donald Trump's latest news conference on coronavirus
14,Coronavirus could hurt Boeing more than the 737 Max crisis
15,Hong Kong protests: How unrest criminalized a generation
16,Christmas in Hong Kong marked by demonstrations and tear gas
17,New arts district aims to brighten Chennai community's dark reputation
18,From east Paris to world fame -- how imagination and travel fueled Christian Louboutin's success
19,12 famous buildings in India: From ancient wonders to modern marvels
20,Coronavirus: Which countries have travel bans?
21,Mount Everest closed over coronavirus fears
22,With society shutting down will Tokyo 2020 go ahead?
23,"Despite coronavirus concerns, Inter Milan president Steven Zhang confident Serie A season will be completed"
24,"Coronavirus threat to Tokyo 2020 is 'heartbreaking,' says surfer Kanoa Igarashi"
25,A state-by-state breakdown of US coronavirus cases
26,Why the impact of coronavirus could be particularly bad on college campuses
27,Diplomat at the UN tests positive for coronavirus
29,What the US can learn from Singapore's coronavirus strategy
30,The disease expert who warned us
31,Angelina Jolie: What we must do for Afghan women
32,Latest Headlines on CNN Business
33,Latest Headlines on CNN Business
34,Latest Headlines on CNN Business
35,Rugby World Cup 2019
36,The movies that predicted an outbreak like coronavirus
37,Orlando Bloom coming home to self-quarantine
38,Tom Hanks and Rita Wilson share update after coronavirus diagnosis
39,'Bloodshot' brings Vin Diesel back to life in a superhero-like origin story
40,Jay Electronica finally releases debut album
41,'A Quiet Place II' release delayed by coronavirus
42,'Bachelor' Peter Weber and Madison Prewett split days after dramatic finale
43,Pete Davidson doesn't exactly stretch much in 'Big Time Adolescence'
44,Serena Williams to spend the next 6 weeks in solitude
45,Gloria Gaynor fights coronavirus by taking her hit song 'I Will Survive' to the sink
46,'Riverdale' halts Season 4 production over coronavirus
47,Gayle King tells Oprah she's 'moved on' from Kobe Bryant controversy
48,Tom Hanks and Rita Wilson: What we know
49,Kate Beckinsale posts powerful response to Harvey Weinstein's prison sentence
50,Jerry Seinfeld postpones New York City shows
51,Tom Hanks and Rita Wilson's family speak out after coronavirus diagnosis
52,Justin Timberlake and Anderson .Paak duet on funky 'Don't Slack'
53,'The View' and more shows suspend studio audiences over coronavirus
54,'The Hunt' leverages the partisan divide as a hook to sell an exploitation throwback
55,Time's Up and others react to Harvey Weinstein sentence
56,Matt Lucas takes over from Sandi Toksvig as 'The Great British Bake Off' host
57,Jenna Dewan welcomes new baby
58,Kumail Nanjiani recreated buff movie scenes because we still deserve nice things
59,TV shows to watch if you're in the mood to lean into your worries
60,"What's streaming on Netflix, Hulu and Amazon in March"
61,TV shows to help you find your happy place right now
62,'The Banker' yields a modest return on Apple's first bite at movies
63,"Al Pacino hunts Nazis in 'Hunters,' a series whose premise tops its execution"
64,'Onward' continues Pixar's apparent quest to make us cry
65,'Little America' brings a warm look at immigrant stories to Apple TV+
66,"The Fastest Way To Pay Off $10,000 In Credit Card Debt"
67,How to Watch VR
68,Beyond Earth: A VR experience
69,Explore Chernobyl's exclusion zone in 360Â°
70,See the sites of the D-Day invasion in 360Â°
71,Explore Disney's new Star Wars land in 360Â°
72,Ski at Austria's Soelden resort
73,Fly in a WWI fighter plane
74,Ride along with the Hogwarts Express
75,Is DNA the key to protecting Earth's tallest species?
76,One of India's biggest banks has been rescued by the government
77,India's top court strikes down ban on cryptocurrency trading
78,Apple is finally opening its first store in India next year
79,How India's Silicon Valley is using tech to tackle traffic
80,India has an increasingly global perspective on beauty -- but the patriarchy still looms large
81,Fact check: Donald Trump made 115 false claims in the last two weeks of February
82,"India identifies 29 coronavirus cases as global infections top 95,000"
83,Trump stumbles in first efforts to control virus response as fear spreads and markets fall
84,Trump puts Pence in charge of US coronavirus response
85,'They brought batons inside the mosque': Victims recount Delhi's worst sectarian violence in decades
86,Big Tech's honeymoon with the world's second-largest internet market is ending
87,"24 dead, at least 188 injured in New Delhi clashes amid Trump's visit"
88,Holi celebrated with face masks and color explosions amid coronavirus fears
89,All aboard India's joyful 'toy train'
91,Indian MP: Our nation's glorious tradition of religious tolerance is being shredded
92,Why India's citizenship law crosses the line
93,India: The world leader in Internet shutdowns
94,No one can protect these Syrian kids from the bombs. This group is at least trying to give them the skills to cope
95,Saudi Arabia detains senior members of its royal family
96,Turkey and Russia announce ceasefire in northwest Syria
97,21 of the world's 30 cities with the worst air pollution are in India
98,A coronavirus outbreak could be devastating for poorer countries
99,Snake venom can now be made in a lab and that could save many lives
100,Australian official who met with Ivanka Trump and Barr last week tests positive for coronavirus
101,Will warmer weather help fight the coronavirus? Singapore and Australia suggest maybe not
102,Tom Hanks and Rita Wilson diagnosed with coronavirus
103,'It's crazy': Panic buying forces stores to limit purchases of toilet paper and masks
104,"The koala population faces an immediate threat of extinction after the Australia bushfires, new report finds"
105,Australian paper prints blank pages to help tackle toilet paper shortage
106,"The climate crisis made Australia's fires at least 30% more likely, study finds"
107,An Australian thief used a fishing rod to steal a Versace necklace
108,"After more than 240 days, Australia's New South Wales is finally free from bushfires"
109,March 3 coronavirus news
110,March 1 coronavirus news
111,This tiny lion with teeth like bolt-cutters once roamed Australia
112,Baboons break out of captivity and go on the run near Sydney hospital
113,Stranded lobsters and missing wedding dresses: The coronavirus' global reach
114,Bullied Australian boy Quaden Bayles leads out rugby league team in front of thousands
115,This lizard makes art that's raising money for Australia bushfire relief
116,An Australian man dies in alleged ax attack near school after 'road rage' incident
117,How tattoos became fashionable in Victorian England
118,Tom Blachford's upside-down urban landscapes will make you look twice
119,The cities designed to be capitals
120,Petition to airlines: Kids should sit with their parents
121,Chinese restaurants are losing business over coronavirus fears
122,Tayla Harris: 'I would be happy to go through it all again but I'd rather not'
123,Brisbane car fire: Woman and three children killed in blaze allegedly started by husband
124,Fan says she was told to remove rainbow flag during Israel Folau's debut match
125,"Volcano victims: New Zealand orders 1,292 square feet of skin for patients injured in eruption"
126,"Fight is not over, says winner of vaginal mesh implant court victory"
127,Flames are chewing up my country
128,Lewis the koala's death is a sad end to a terrible tale
129,Australia's Gladys Liu scandal shows how the Chinese Communist Party is weaponizing race
243,The extinction crisis is far worse than you think
244,'We are failing the elephants'
245,Imagine a world without giraffes
246,Listening for the amphibian apocalypse
247,Plastic island: How our trash is destroying paradise
248,"When the coral disappears, so will they"
249,The old man and the bee
250,Sixth extinction: 20 years to stop ecological collapse
251,How to stop the sixth mass extinction
252,"At 87, her mission to help immigrants hasn't slowed down"
253,"Locked up and learning to write, women prisoners find a safe space"
254,Dog lover flies 'paw-sengers' to safety
255,She makes sure unwanted food gets to hungry Americans
256,He quit his high-paying job to build beds for kids who sleep on the floor
257,Bionic woman helps others thrive after paralysis
258,Six women. Three nursing homes. And the man accused of rape and abuse
259,"Sick, dying and raped in America's nursing homes"
260,My mother was raped in a nursing home at 88
261,Caregiver convicted of rape in nursing home
262,How artificial intelligence and robots can change your living spaces
263,Deciphering the hidden meanings of Japanese tattoos
264,The naked truth
265,'Little Buddha' wisdom from a terminally ill 'goofball'
266,"Conjoined twins separated, both out of surgery"
267,The guru's gift: Staying calm in a world of chaos
268,When you wish your baby had never been born
269,Stopping the opioid crisis in the womb
270,Where Trump support and Obamacare use soar
271,The four reasons people commit hate crimes
272,Understanding why a visa can be so coveted and reviled
273,From Gandhi to guns: An Indian woman at the NRA
274,"Split by Trump's travel ban, a family races to reunite"
275,The dreams of 'Baby Noor'
276,Halted MH370 search is not an end for one man
277,How ordinary people become 'white supremacists by default'
278,Get ready for a more militant and 'woke' NAACP
279,The first time I realized I was black
280,"When exorcists need help, they call him"
281,'Folks don't feel safe'
282,The other gun lobby
283,25 of the most iconic photographs
284,Amazon natives hold on to tradition
285,Show animals and their proud handlers
286,Nineteen years under the rainbow
287,The Kurdish women fighting ISIS
288,Girls behind bars tell their stories
289,Up close in the brutal world of a female fight club
290,Crawling in a 'polio-free' country
291,Giving a face to Sudan's refugee crisis
292,Feds open investigation after CNN reports
293,Schools knew of trouble before student deaths
294,The real story behind those Planned Parenthood videos
295,Sources: Disabled work program mired in fraud
296,"Athletes allege abuse, racism at U. of Illinois"
297,Government says four cancer charities are shams
298,Hidden cameras show airport workers stealing from bags
299,"Poisoned teens struggle to eat, walk"
300,It's not over: Veterans waiting months for appointments
301,IRS scam costing victims $15 million
302,School fundraising letters signed by fictitious boy
303,Politicians live it up and have the lobbyists pay
304,Alabama town mirrors US class divide on immigration
305,The truth about the white working class
306,2016: Last call for working class whites?
307,White working-class evangelicals: Christian values are under attack
308,The shell-shocked white working class
309,West Virginia's 'forgotten tribe'; why the white working class feels left behind
310,Poll: White working-class Americans have complicated view of Muslim immigrants
311,"Working class whites blame Washington, but still want more government help"
312,"The anatomy of a white, working-class Trump voter"
313,"The economy stinks, but I'm doing OK, say working class whites"
314,Help Sierra Leone mudslide victims
315,"Help famine victims in Africa, Yemen"
316,Help Iraqis displaced by fight for Mosul
317,Drug addiction: There is help
318,The impact of a little boy named Youssif
319,Preschool girl lifts widower's spirits
320,How to help educate girls around the world
321,Help Syrians survive the conflict
322,Sex trafficking survivor who wants to end 'The Game'
323,Workers fight for rights at 'ground zero for US slavery'
324,Slave-free chocolate: a not-so-guilty pleasure
325,Thousands forced to work on Brazil's cattle ranches
326,The children working in Cambodia's brick kilns
327,The girls sold for sex by their mothers
328,City of Tomorrow
329,The CNN 10: Healthiest cities
330,Queen Elizabeth postpones engagements amid coronavirus pandemic
331,Riz Ahmed 'breaks up' with Britain in an emotional album and short film 'The Long Goodbye'
332,A trade deal with America will not compensate Britain for the loss of EU benefits
333,No-deal Brexit is back -- and it looks more likely than ever
334,UK courts will now livestream divorce proceedings
335,The coronavirus has officials running the world from home
336,This small island chain is leading the way on hydrogen power
337,What does Britain know about coronavirus that the rest of Europe doesn't?
338,CEO of huge UK company says he has coronavirus
339,Our connected world made coronavirus spread. It may also be what saves us from it
340,What 'Wolf Hall' trilogy reveals to us (opinion)
341,Senegal partners with UK lab to develop a hand-held coronavirus test kit
342,All of Italy is in lockdown as coronavirus cases rise
343,"Confined to their homes, Italian neighbors sing together to boost morale"
344,Russian pranksters claim they duped Prince Harry into thinking he was speaking to Greta Thunberg
345,Atletico Madrid stuns Liverpool at Anfield to dump holder out of the Champions League
346,"Formula E is 'literally the future,' says pop star and environment campaigner Ellie Goulding"
347,How do you beat high-flying Liverpool? Watford's Christian Kabasele reveals all
348,"Airlines extend waivers, adjust schedules for Europe travel ban"
349,Europe travel ban: Will it be possible to sneak into the US via the UK?
350,'Legendary' chef Michel Roux dies aged 78
351,Dealer drops Asian assistant from London art fair due to coronavirus 'anxiety'
352,Mark Neville's semi-authentic portraits spotlight 'ecotopias' and a forgotten side of France
353,"Biking to work appears more dangerous than other commuting options, study finds"
354,"Quarantines might stop coronavirus, but what happens if people break them?"
382,How innovative design is reshaping the sex tech industry
383,What the kimono's wide-reaching influence tells us about cultural appropriation
384,China cosmetic surgery apps: Swipe to buy a new face
385,Catherine Opie: 'Beauty has to encompass more about the human condition'
386,The desexualization of the Asian American male
387,"Empowering, alluring, degenerate? The evolution of red lipstick"
388,Why women feel pressured to shave
389,Photographer Kyle Weeks uses his medium to show that manhood in Africa is not a singular image
390,Photographer Daniel Arnold visits the center and sidelines of the world's largest gem show
391,Graciela Iturbide's images reveal untold stories of indigenous Mexico
392,Photographs reveal the unintended beauty of machines
393,Taxi driver's dreamy compilations show a different side of Japan
394,Louvre Abu Dhabi: Enter the 'universal museum' of human creativity
395,"How it's made: Backstage at Tommy Hilfiger's global, celebrity-filled show"
396,Photographer Martin Parr on Britain in the age of Brexit
397,'Part of the conversation': Outspoken artist Anish Kapoor opens retrospective in Beijing
398,Olafur Eliasson on what art can do to fight climate change
399,4 million people have flocked to see the Obama portraits. Here's why
400,Pritzker Prize 2020: Irish duo's win marks rare victory for women in the 'Nobel of architecture'
401,"The Catholic nun who made joyous, politically charged Pop Art"
402,Has the wooden skyscraper revolution finally arrived?
403,Discarded photo negatives show China in an era of change
404,Why the NBA All-Star Game is a runway in its own right
405,Will the future be grown from mushrooms?
406,Mona Lisa for $60K? The curious market for Old Masters replicas
407,"Under Xi's rule, what is China's image of the 'ideal' man?"
408,The most anticipated buildings set to shape the world in 2020
409,Seoul's burgeoning drag scene confronts conservative attitudes
410,Menswear has never been so casual. So why is the image of a man in uniform still so alluring?
411,Brazil's fashion industry has a diversity problem
412,How did Kim Jong Un get his Mercedes-Benzes? New report traces origin of North Korea's luxury rides
413,Ryugyong Hotel: The story of North Korea's 'Hotel of Doom'
414,The man on the phone: What's it like making history's highest auction bid?
415,The unsung car designer who created the DeLorean and James Bond's underwater car
416,Fashion gaffes are a reflection of the industry's diversity problem
417,Battle of Supremes: How 'legal fakes' are challenging a $1B brand
418,Zunar and Fahmi Reza: the cartoonists who helped take down Najib Razak
419,The designers changing the conversation around lingerie
420,"Ceiling fans, brooms and mangoes: The election symbols of India's political parties"
421,The soft power impact of Ruth Bader Ginsburg's decorative collars
422,Why Beijing's Serpentine Pavilion signals a new age for Chinese architecture
423,Meet North Korea's art dealer to the West
424,David Hockney at 80: An encounter with the world's most popular artist
425,Long-lost picture archive celebrates glamour of 1950s Senegal
426,Tetris: The Soviet 'mind game' that took over the world
427,Remember when Jackie Kennedy wore her famous pillbox hat?
428,How ancient Egyptian cosmetics influenced our beauty rituals
429,Vintage photos show the unsung heroes of the US suffrage movement
430,El Helicoide: The futuristic wonder that now sums up Venezuela's spiral into despair
431,Savers are getting destroyed by super low interest rates
432,Delta announces its biggest flight capacity cuts in history -- even deeper than after 9/11
433,The great shutdown of 2020: How newsrooms and media companies are adapting
434,How Fox News misled viewers about the coronavirus
435,AT&T tells employees to work from home
436,"Cybercriminals are trying to cash in on the coronavirus, experts warn"
437,How McDonald's made the switch to fresh beef
438,Bitcoin has lost 30% of its value this week
439,Online sales of hand sanitizer and other 'virus protectors' spiked over 800% this year in the US
440,One man lost his life savings in a SIM hack. Here's how you can try to protect yourself
441,US airlines will continue their European flights for another week
442,"Walt Disney World closes, paralyzing the company's tourism empire"
443,Cruise lines Princess and Viking halt all cruises as coronavirus spreads
444,How to work from home without losing your sanity
445,One of your employees is diagnosed with coronavirus. What now?
446,Chick-fil-A will start selling bottles of its signature sauce
447,McDonald's is selling a new Big Mac with four patties
448,Dunkin' will give out free donuts every Friday this month
449,McDonald's is making scented candles that smell like your favorite Quarter Pounder ingredients
450,Dunkin' has a plan for better coffee
451,What is a bear market?
452,How facial recognition went from bad TV to Big Brother
453,How a coronavirus 'infodemic' is infecting the internet
454,"The 'retail apocalypse,' explained"
455,The best ways to get yourself hired
456,Your travel insurance might now cover coronavirus
457,5 things to know about the payroll tax
458,Your coronavirus workplace questions answered
459,Minecraft hosts uncensored library full of banned texts
460,Apple's massive WWDC developer event will be online-only this year
461,Finding God online: People turn to live-streaming religious services during coronavirus pandemic
462,Pentagon 'wishes to reconsider' $10 billion contract given to Microsoft over Amazon
463,Disney delays 'Mulan' because of the coronavirus outbreak
464,Disneyland closes because of the coronavirus outbreak
465,NBA suspending its season is a serious blow to its TV partners
466,How NASA's Apollo program kicked off Silicon Valley's tech revolution
467,Jeff Bezos just sold $1.8 billion worth of Amazon stock. Here's why
468,Bill Nye's experimental spacecraft that sails on sunlight declares mission success
469,SpaceX's massive Starship prototype lifts off
470,Elon Musk's brother wants to transform farming
471,How virtual reality is changing the live music experience
472,A new use for McDonald's used cooking oil: 3D printing
473,US clears the way for this self-driving vehicle with no steering wheel or pedals
474,"Bentley unveils $2 million roofless car with trim made from 5,000 year-old wood"
475,Welcome to Walmart. The doctor will see you now
476,New packaging and plant-based fish: How Bumble Bee tuna is trying to make a comeback
477,BMW redesigns its iconic logo
478,Want to cancel your trip? This is when you can -- and can't -- get your money back
479,Top 10 Credit Cards For Excellent Credit
480,The Motley Fool
481,CNN Business
482,CNN Business
483,CNN Business
484,CNN Business
485,How non-alcoholic cocktails are shaking up the bar scene
486,Luxury floating hotel opens in Sweden
487,Step into the world of America's most notorious gangster
488,Why Britain's hated Pacer trains just won't go away
489,9 things that will make flying on an airplane better
490,The best travel photos of 2020 so far
491,Private jets are taking off because of coronavirus
492,A bipartisan Buttigieg effect? The people of this gorgeous island country say yes
493,Why Uruguay could be the world's next great wine destination
494,Inconceivable! A Princess Bride-themed bar is popping up in Chicago
495,Japanese chef carves food into incredible pieces of art
496,Meet the man building a human zoo in China
497,New 'Jungle Bubbles' invite travelers to sleep next to elephants in Thailand's Golden Triangle
498,Luxury floating hotel opens in Sweden
499,"Caroline Flack, 'Love Island,' and the industry of outrage surrounding the star's death"
500,Boris Johnson won't be tested despite UK health minister contracting coronavirus
501,"Cities deserted, families separated and social life on hold in Italy's first day of lockdown"
502,'We are not alone': Life under coronavirus lockdown in Italy
503,Desperate migrants keep coming. Now vigilantes are threatening the welcomers
504,Putin backs amendment that could see him run Russia until 2036
505,Harry and Meghan bid farewell to life as senior royals with final engagement
506,Italy prohibits travel and cancels all public events in its northern region to contain coronavirus
507,"Self-isolate or get paid? That's the choice for gig workers in a virus outbreak, and it's a big problem for the rest of us"
508,Meghan tells London students to 'speak up' for women's rights
509,'Preppers' have endured years of mockery. Coronavirus fears have given them a booming self-survival business
510,Everything travelers need to know about coronavirus
511,Are cell phone calls on airplane flights inevitable?
512,"'Hamlet' in the skies? The story behind Taiwan's newest airline, STARLUX"
513,Copenhagen's new Metro is a thing of beauty
514,Mystery Hotel Budapest: The hotel designed for likes
515,The best luxury bars in Budapest
516,How Budapest became a fine dining force to be reckoned with
517,Flame Towers: Luxury atop one of the world's tallest hotels
518,Azerbaijan's secret to long life? Mountain air
519,Eternal flame: How Azerbaijan became the 'Land of Fire'
520,Delta Air Lines cuts overall capacity by 40%. Here's what that looks like
521,Sophie GrÃ©goire Trudeau tested positive for coronavirus
522,Trump's ex-top economic adviser: US is in a recession
523,Doctors answer your coronavirus questions
524,Legendary chef Michel Roux dies at 78
525,Megan Rapinoe slams US Soccer for 'blatant sexism'
526,Ohio governor explains why he closed all schools
527,"Dow drops over 2,300 points in one day"
528,Trump suspends travel from Europe to US
529,"Utah Jazz player tests positive for coronavirus, NBA suspends season"
530,Tom Hanks and Rita Wilson test positive for coronavirus
531,Lawyer defending Trump policy makes stunning admission
532,"This child is smiling, but her story is devastating"
533,Bernie Sanders plans to stay in the 2020 presidential race
534,Harvey Weinstein sentenced to 23 years in prison
535,Threat of violence escalates at Greece-Turkey border
536,American Dynasties: The Kennedys
537,Pope: The Most Powerful Man in History
538,Louboutin wins fight to trademark red soles
539,Netflix is worth more than Disney
540,Transcripts
541,Transcripts
542,Transcripts
543,Transcripts
544,Transcripts
545,Transcripts
546,Transcripts
547,Transcripts
548,Transcripts
549,Transcripts
550,WHO declares novel coronavirus outbreak a pandemic
551,Contact tracing is key to America's coronavirus strategy. What happens if it stops working well?
552,New CDC guidance says older adults should 'stay at home as much as possible' due to coronavirus
553,Former CDC director: It's time to restrict visits to nursing homes
554,America faces a new normal as coronavirus outbreaks show no sign of slowing down
555,"Worried about coronavirus? If your loved one is over 60, read this"
556,The coronavirus pandemic is closing schools. How will kids eat?
557,"6 of your latest coronavirus questions, answered"
558,10 commandments for better sleep on World Sleep Day
559,"Coronavirus myths and misinformation, debunked"
560,Here's what this US coronavirus survivor in Seattle learned when she was sick
561,"Fish oil supplements linked to lower risk of heart disease and death, study finds"
562,Your waist size may be more important than weight for multiple heart attack risk
563,"Avoid these five risk factors and live longer, study says"
564,Year-long resolutions don't work. Here's how to make 12 'micro-resolutions' instead
565,"Exercise advice on food labels could help reduce obesity, researchers say"
566,"What this sunny, religious town in California teaches us about living longer"
567,Does having boys or girls run in families? New study says it's down to chance
568,"A later bedtime linked with obesity for children under 6, study says"
569,A Maryland baby taken off life support was not expected to survive. Now she's about to have her first birthday
570,"Social media use may harm teens' mental health by disrupting positive activities, study says"
571,Vaping: What's a parent to do?
572,Leukemia: Could germ-free childhoods could trigger illness?
573,Partial e-cigarette 'flavor ban' goes into effect today. Here's what happens next
574,US life expectancy climbs for first time in four years
575,The mystery of President Trump's unannounced hospital visit
576,"Dr. Sanjay Gupta on medical marijuana: We are in an age of wisdom, but also an age of foolishness"
577,"Sit, stand, sit: The new science about how to best use your standing desk"
578,"Not all screen time causes kids to underperform in school, study says"
579,"Being happier will help you live longer, so learn how to be happier"
580,Mixing less than 6 hours of sleep with chronic disease is deadly combo
581,A man's false teeth were stuck in his throat for eight days after a surgery
582,Philadelphia Eagles open sensory room for fans with autism
583,"What we aren't eating is killing us, global study finds"
584,Her son died. And then anti-vaxers attacked her
585,Raising an intersex child: 'This is your body. ... There's nothing to be ashamed of'
586,Surprising factors that may keep you thin
587,"'Best diets' ranking puts keto last, DASH first"
588,Asking yourself 'What's the meaning of life?' may extend it
589,She didnât have paid maternity leave. But this mom is making it work
590,Live Longer: Could you improve your lifespan?
591,A teen's final days with the flu
592,Flu shot: There's a mismatch this season -- and it's not good news for children
593,Flu leaves a 4-year-old girl blind in Iowa
594,Do I need a flu shot?
595,Most states make it difficult for children to get a flu shot
596,"On Friday the 13th we wonder why, scientifically, we believe in superstitions"
597,"Sleep anxiety and daylight saving time can exacerbate insomnia, but stretching may help"
598,"For many Americans, the coronavirus pandemic means a normal life is on hold"
599,"'Prolonged, unprotected contact' led to first person-to-person coronavirus transmission in the US, study says"
600,"Is it allergies, the flu or the coronavirus? How to tell the difference"
601,Broadway theaters to suspend all performances because of coronavirus
602,Vans releases new Autism Awareness Collection designed with sensory-inclusive elements
603,"Babies smell 'sweet,' teens stink and blindfolded moms can tell the difference, study says"
604,"4 of your latest coronavirus questions, answered"
605,US coronavirus scare prompts NBA to suspend schedule while communities take mitigation steps
606,"Children's coronavirus cases are not as severe, but that doesn't make them less serious"
607,Lessons from Ebola: The secret of successful epidemic response
608,'They didn't protect us' say some first responders for coronavirus
609,How to keep your workplace clean -- and yourself healthy -- during the novel coronavirus outbreak
610,Why CNN is calling the novel coronavirus outbreak a pandemic
611,Syrians are in a desperate race to outrun a brutal regime offensive
612,Satellite images show Iran building burial pits for coronavirus victims
613,Bodies 'pile up' in morgue as Iran feels strain of coronavirus
614,"Iran to temporarily free 54,000 prisoners as coronavirus spreads"
615,UN nuclear watchdog finds Iran has nearly tripled its uranium stockpile
616,"Trump's Middle East plan could jeopardize Jordan-Israel peace treaty, Jordan PM says"
617,"Israel's Netanyahu on course to win most seats, but may be short of majority"
618,"Netanyahu projected to win Israeli election, but exit polls suggest bloc just short of majority"
619,Adviser to Iran's Supreme Leader dies after contracting coronavirus
620,Live updates: Israel election latest coverage and results
621,"Sophie Trudeau, wife of Canadian Prime Minister, tests positive for coronavirus"
622,"Brazilian president's press secretary tests positive for coronavirus, days after meeting Trump"
623,Once the Amazon rainforest passes the point of no return it could be gone in decades
624,Armed gang steals $15m in Chilean airport robbery
625,"Mexico imagines a world without women, in strike against gender violence"
626,Colombia reports first case of coronavirus
627,"Brazil lashed by heavy rains, leaving at least 32 dead"
628,Violence forces Haiti to cancel Carnival
629,Police in Panama found more than 5 tons of drugs in a homemade semi-submersible vessel
630,2 killed in massive pileup involving more than 200 cars near Montreal
631,Murder of 7-year-old girl in Mexico fuels anger and protests over brutal killings
632,Source: Trump is concerned about coming into contact with people infected with coronavirus
633,Ronaldinho under investigation in Paraguay over 'fake' passports claims
635,Colorful Carnival celebrations around the globe in 2020
638,Uganda restricts travel from 16 countries including UK and US because of coronavirus
639,Rare white giraffes killed by poachers at Kenyan wildlife sanctuary
640,Jubilation as Congo discharges last Ebola patient
641,One dead in suicide bomb attack near US embassy in Tunisia
642,Nigeria says it is ready and more than capable of dealing with coronavirus
643,Lesotho Prime Minister in surprise court appearance as lawyers seek immunity
644,Dutch government returns stolen 18th-century 'precious crown' to Ethiopia
645,Here are the African countries with confirmed coronavirus cases
646,"African countries at severe risk if outbreaks aren't detected early, says Africa CDC head"
647,Patient who 'absconded' Zimbabwe hospital tests negative for coronavirus
648,"They were sent to a shelter for safety. Instead, these women say they were sexually abused"
649,US comedian Steve Harvey gives Kenyan artist a boost after viral drawing
650,"She became pregnant at the age of 12. Now, Kenya's Christine Ongare is an Olympic boxing qualifier"
651,Makoko: Nigeria's floating slum goes digital
652,Bollywood and Nollywood collide in a tale of a big fat Indian-Nigerian wedding
653,South Africans in Wuhan lockdown call for evacuation
654,"Caught between roadblocks, they were sitting ducks for Boko Haram massacre"
655,This South African pilot is on a mission to change the face of aviation in Africa
656,This designer is creating fashion prints from maths equations
657,Senegal launches wind power plant as part of its commitment to renewable energy
658,Expert view: Seven leading African photographers from across the continent
659,How architect Mariam Kamara is masterminding a sustainable future for Niger
660,20 best things to do in Kenya
661,Incredible pictures capture rare 'Elephant Queen' in Kenya
662,Kenya's best food is a kaleidoscope of flavors
663,Mami Wata: The surf brand changing the perception of surfing in Africa
664,This luxury ice cream is made from insects
665,This iced tea is harnessing South Africa's miracle plant
666,The president of US Soccer steps down as he apologizes for legal document's language
667,Here's what Harvey Weinstein said in court before his 23-year sentence
668,Homeless Californians join in a lawsuit to mandate Los Angeles provide shelter for thousands
669,"Robert Durst found his friend's body and ran, attorney says, but he didn't pull the trigger"
670,Major sports leagues in the US halt play or exclude fans over coronavirus outbreaks
671,Coronavirus test: confusion over availability and criteria is leaving sick people wondering if they're infected
672,The 2020 census kicks off across the United States this week. It's expected to be the largest in US history
673,"With coronavirus closing schools, here's how you can help food insecure children"
674,"5 things to know for March 13: Coronavirus, Iraq, election, homelessness, USWNT"
675,These states have been hit the hardest by coronavirus. Here's what they're doing to fight the spread
676,How US spy agencies are tracking the coronavirus pandemic
677,Annotated: Trump's Oval Office remarks on coronavirus
678,Congressional staffer tests positive for coronavirus
679,Biden campaign memo says it's 'nearly impossible for Sanders' to make up delegate disadvantage
680,Community turns out to honor decorated Mass. WWII vet who died without family
681,Local kindergarten teacher donates kidney to mom of former student
682,Farmington biotech teams with Yale to pursue COVID-19 vaccine
683,Third missing boaterâs body recovered from Tennessee River
684,"Man Uses Sledgehammer To Bash Way Into Burning Home, Rescues Family Of 7"
685,Fire At Delaware City Refinery Leaves Two Workers Seriously Injured
686,Newly released video shows arrest of man who says he was beaten in Dauphin County custody
687,Local animal shelter offers unique adoption program for terminally ill pets
688,Student Stabbed At Glen Burnie High School During Fight; Two People In Custody
689,"After Fraudsters Racked Up $6,000 On Stolen Credit Card, HSBC Demanded Victim Pay Up, Despite âZero Liabilityâ Promise"
690,Recovery efforts underway after body found in river
691,Flint man facing 10 dog fighting and drug dealing charges
692,Nathaniel Hendren says Katlyn Alix knew risk in Russian Roulette-style game that killed her; doesn't owe damages
693,Suburban officials want to ditch red light camera company after corruption case
694,Saint Joseph Medical Center launches NICU reading program
695,This Parkville girl knows the lasting effects of a pandemic after getting H1N1 more than a decade ago
696,Tulane University tells all students to move out
697,Judge overturns Utah death row inmate Von Lester Taylor's double murder conviction
698,Video shows mountain lion attacking deputy in Larimer County
699,Private event industry hit hard in midst of ban on large gatherings in Oregon
700,Firefighters Cut 2 People Out Of Vehicle After Rollover Crash In Manteca
701,Business is booming for local woman making masks
702,Sacramento school employee tests positive for COVID-19
703,"Son accused of stabbing mother to death, man shot and killed in back-to-back Tacoma homicides"
704,Littleton school uses heart monitors to help students manage emotions
705,Red Cross calls on healthy donors as coronavirus concerns cancel blood drives
706,"West Covina Parents Arrested After 9-Month-Old Girl Found To Have Cocaine, Meth In Her System"
707,NBA's Coronavirus Hiatus Could Mean Chaos for League's Economic Structure
708,The Masters Tournament Postponed Because of Coronavirus Concerns
709,Players React to NCAA Canceling March Madness Amid Coronavirus Concerns
710,"NCAA's Decision to Cancel the Big Dance Is the Right Call, Even If a Sad One"
711,MLB Life Put on Hold amid Rising Coronavirus Concerns
712,Timeline of Coronavirus' Impact on Sports
713,Trump declares a national emergency to combat coronavirus
714,US summons Chinese ambassador over coronavirus conspiracy theory
715,Pelosi says House will vote Friday on coronavirus relief measure
716,"Students at Olin College held a 'fauxmencement' ceremony with garbage bags gowns, paper 'origami' caps and tassels made of yarn"
717,US conducts airstrikes against multiple Iranian-backed militia sites in Iraq
718,Louisiana will delay presidential primary due to coronavirus
719,"With coronavirus closing schools, here's how you can help food insecure children"
720,"Jerry Falwell Jr. needs to stop talking about the coronavirus. Like, now."
721,Trump's positions on FISA and coronavirus responses stoking anxiety on Capitol Hill
722,The White House calculus on testing President Trump is changing
723,Senate Democrats call for more sanctions against 'Putin's chef' following CNN investigation
724,Trump grows more irate as his attempts to contain coronavirus fallout fail
725,Coronavirus leaves students in limbo as campuses scramble to contain pandemic
726,Why it matters A LOT that Trump hasn't been tested for coronavirus
727,Health officials often turn to praising Trump when facing tough coronavirus questions
728,Here's what Trump's coronavirus emergency declaration does
729,Biden faces test on path to nomination: Bringing Sanders' supporters with him
730,America is shutting itself down
731,Ted Cruz to extend self-quarantine after second interaction with individual who tested positive for coronavirus
732,North Korea has launched at least three unidentified projectiles
733,"Coronavirus outbreak worsens in Italy and Japan, as situation stabilizes in China"
734,China coronavirus: Xi Jinping visits virus-hit Wuhan in major show of confidence
735,March 9 coronavirus news
736,"South Korea has 'passed the peak' of the coronavirus outbreak, health minister hopes"
737,His party was banned. He faces jail. But Thailand's Thanathorn Juangroongruangkit vows to fight on
738,Markets tumble as novel coronavirus cases grow in the US and northern Italy goes into lockdown
739,March 8 coronavirus news
740,"Italy announces lockdown as global coronavirus cases surpass 105,000"
741,History's deadliest air raid happened in Tokyo during World War II and you've probably never heard of it
742,"They plan to march for gender equality. In Pakistan, that has caused outrage"
743,March 7 coronavirus news
744,Intermittent fasting and a new passion helped him lose 95 pounds
745,"Eat more plants and less meat to live longer and improve heart health, study suggests"
746,South Africa's 'boxing grannies' juke and jab their way to healthier lives
747,More than pho: 5 dishes every Hanoi visitor needs to try
748,"World's cheapest draft? Where to try bia hoi, Hanoi's 25 cent beer"
749,Hanoi's best boutique hotels
750,16 Japan experiences every traveler needs to enjoy
751,Wakayama rafting: It's on logs -- and standing up!
752,Tohoku: A Japan destination for all seasons
753,Preserving Macao's bamboo tradition through sculptural works
754,Preserving Macao's handmade signs in the digital age
755,"'Like the tart, I never change': The secret behind Macao's most famous dessert"
756,Preserving Macao's bamboo tradition through sculptural works
757,The master shipbuilder keeping Macao's maritime past alive -- in miniature
758,Tokyo transformed: Global sporting events put spotlight on Japan's capital
759,Tokyo's Shibuya Crossing: Welcome to the world's wildest intersection
760,Hoshinoya Tokyo: Japan's most luxurious urban ryokan
761,The story behind Vietnam's 'Crazy House'
762,"7 reasons to visit Hoi An, one of Vietnam's most beautiful towns"
763,30 of Vietnam's most beautiful places
764,Pornhub offers quarantined Italians free access
765,"The Clanwilliam cedar survived the last ice age, but its future hangs in the balance"
766,Consumers snap up PhoneSoap as coronavirus outbreak spreads
767,Apple says it's fine to wipe your iPhone with a Clorox wipe
768,Why oil prices are crashing and what it means
769,China boasts massive car and aviation markets. Both collapsed in February
770,US cities are losing 36 million trees a year. Here's why it matters and how you can stop it
771,Rising seas are turning Miami's high ground into hot property
772,Climate change: How rich people could help save the planet
773,"When your first fashion show is a smash hit, how do you follow up?"
774,'Beauty is freedom': The North Korean millennials wearing makeup to rebel against the state
775,Billionaire bunkers: How the 1% are preparing for the apocalypse
776,Naomi Campbell wears hazmat suit to airport amid coronavirus outbreak
777,Tourists being kept under coronavirus quarantine at luxury Maldives resort
778,Why the last man standing on the coronavirus cruise ship never gave up
779,The tourism legacy of the Olympic Games
780,This 5-year-old paid off the lunch balances for 123 students by selling cocoa and cookies
781,Video shows a man rescuing neighbor's dog after its leash got stuck in elevator doors
782,Meet the 2019 CNN Hero of the Year
783,How this outbreak is adding to the risk of miscalculation between global enemies
784,Photos: The coronavirus is leaving empty spaces everywhere
785,The week in 38 photos
786,"What you need to know about coronavirus on Friday, March 13"
787,How Russian election meddling is back before 2020 vote
788,"In Earth's early history, a day was 23.5 hours and a year lasted 372 days"
789,March 12 coronavirus news
790,Cubans are making coronavirus masks from pants material
791,How religious communities are modifying traditions to prevent coronavirus spread
792,Children displaced in the Boko Haram conflict are on a path to success thanks to a school prioritizing peace
793,Italy is a test of how a Western economy bear an almost-total shutdown
794,Tim Berners-Lee warns web is 'not working for women and girls'
795,Fraudsters get hefty prison terms for impersonating French minister
796,2020 Tokyo Summer Olympics Fast Facts
797,"Mars rover expected to launch this year delayed until 2022, partially due to coronavirus"
798,Ireland closes schools and colleges to halt coronavirus spread
799,"What you need to know about coronavirus on Thursday, March 12"
800,"When cats are free to roam, wildlife suffers"
801,Italy's nightmare is making me rethink life in rural Iowa
802,Why no one is reading your coronavirus emails
803,How NBA led in the sports world shutdown
804,"In speech, Biden shows how a normal president responds in crisis"
805,Doctor: How to reduce your vulnerability to coronavirus -- when sleeping
806,"It's time to let the experts do their jobs, Mr. President"
807,"President Trump, heed these five lessons from my career in disaster response"
808,A prison pandemic? Steps to avoid the worst
809,Nordic Prime Ministers: We are committed to protecting women's rights
810,Netanyahu scrabbles his way to one of his biggest victories
811,90% of people are biased against women. That's the challenge we face
812,Opinion: The real thing holding Africa's female entrepreneurs back
813,Why the Louvre is closed
814,NATO Secretary General: Why we're in Afghanistan and what a peace deal could do
815,"If the Taliban regain power, I could lose everything"
816,Biden victories leave Sanders speechless
817,"In coronavirus crisis, Tom Hanks is more of a role model than Donald Trump"
818,Trump's speech won't erase his bumbling response on coronavirus
819,Why Bernie Sanders struck out with black voters
820,Trump's coronavirus speech was a disaster
821,The huge divide between Biden and Sanders
822,What we're missing about age and the presidency
823,Coronavirus shows up Trump's compassion deficit
824,Four women were serious candidates for president. What happened?
825,"I'm chronically ill, and this is what Congress can do to protect me"
826,"Bail out the people first, before the companies, in coronavirus crisis"
827,It would be a disaster for us to have to choose between Sanders and Trump
828,Failure is a new experience for Michael Bloomberg
829,The Super Tuesday no one predicted a week ago
830,Black voters know the only thing that matters
831,Warren Buffett has the right answer to crony capitalism: women (opinion)
832,The way we talk about coronavirus matters
833,The trade war put the economy on its heels. The coronavirus will be much worse (opinion)
834,Texas made Biden the Comeback Cowboy
835,"If my campus closes down, my job could go with it"
836,The popularity of 'Love Is Blind' reveals what we're missing in our lives
837,The Queen is making her most serious misstep here
838,Why we can't find hand sanitizer
839,Working from home is a lifesaver -- and a big danger
840,I'm an emergency doctor. I expect to get coronavirus
841,Coronavirus decisions creates big burden for college students
842,How to improve your chances against coronavirus
843,A common-sense approach to coronavirus crisis
844,Your favorite crime shows hinder this life-and-death cause
845,Melinda Gates: The women who showed me the way forward
846,We're not talking to our girls enough about money (opinion)
847,"I live in Kirkland, epicenter of the US outbreak. We need Trump to take this seriously"
848,The big question about 'West Side Story'
849,What the 'Friends' reunion makes me hope for
850,The tragic details of the killing of Amie Harwick
851,Harvey Weinstein is convicted. Now what?
852,The children of âgeneration lockdownâ speak
853,"33 years later, Queenâs Live Aid performance is still pure magic"
854,I was raped and broken. So I picked up my camera
855,Should we give a damn about the Oxford comma?
856,Welcome to the Fractured States of America
857,Asheville's woes are the story of America
858,Fractured America got together on this issue. And it could point the way for more
859,Conservative: She was not a faceless liberal
860,SE Cupp: A third party could get us out of this mess
861,Confronting the cult of partisan media
862,26 voices on why the free press matters
863,Democracy's immune system is in trouble. Here's what we can do
864,You can't build the truth on a scaffold of lies
865,Why the black press is more relevant than ever
866,Branding news outlets as foreign agents won't make them any more transparent
867,Student journalists deserve a free press too
868,Media martyrs: Among those who died while working as journalists in the past 15 years
869,Why press freedom is your freedom
870,What it's like to be me
871,The Trump administration is hiding something
872,What this will cost Mitch McConnell
873,Donald Trump himself is Democrats' star witness
874,House Democrats can't miss this valuable opportunity
875,Trump's 'I want nothing' defense doesn't hold water
876,Democrats' only choice is to impeach Trump
877,Rescue Kavanaugh? Trump's ridiculous idea
878,What it's like to be me
879,"What happens when a patient says, 'Doc, help me die'"
880,Together we make a family
881,"Single, childless and nearing 40, I saw one real option"
882,"We asked, you answered: How IVF changed your lives"
883,Trump meets a new enemy
884,Trump's intelligence implosion
885,These people could make Trump's life miserable
886,Trump gets an unwelcome surprise
887,Looks like the Donald Trump show is getting renewed for another season
888,The biggest surprise in Trump trial
889,Why Trump hired Ken Starr and Alan Dershowitz
890,Cracks emerge in Trump's wall of GOP support
891,"Lizzo, Greta and the Ravens: the likely winners of 2020"
892,What Rudy and 'Three Amigos' were up to
893,The Joker's warning for Trump and Democrats
894,Trump obeys Seinfeld's law
895,I was married with 2 kids when I realized I'm gay
896,Crystal Ball: What will happen next year?
897,Brave. Groundbreaking. Badass. Notorious: The year in culture
898,Most popular op-eds of 2018: A year of drama and disaster
899,I forgave my father for walking out on me. I hope he forgave me too
900,I was Anthony Bourdain's 'censor' at CNN
901,Trump's failure to fight climate change is a crime against humanity
902,Simone Biles: I went from foster care to the Olympics
903,A dark matter hurricane is headed our way
904,An Incredibly Fast 'Dark Matter Hurricane' Is Blowing Past Earth Right Now
905,Pray that you don't win the billion dollar lottery
906,Trump and Putin: the pictures tell the story
907,How to prepare for ex-President Trump
908,Michael Cohen implicates Trump in hush money scheme
909,Two people testified. Then millions had their say
910,"In 2017, Trump revived feminism, saved satire and reinvigorated journalism"
911,30 top takes of 2017
912,"Why I'm speaking up about Mark Halperin, and why I stayed silent so long"
913,Nikki Haley: An unprecedented step on human rights
914,"After baseball attack, the hate in politics has got to go"
915,Trump's presidency: Cartoon views from around the world and at home
916,Bill Nye: Science made America great
917,"George Takei: On this Remembrance Day, I hear terrible echoes of the past"
918,David Axelrod: I woke up this morning as an alternative fact
919,The Donald Trump presidency: How the world sees it
920,David Axelrod: Obama's legacy can't be erased
921,Trump's America: Cartoon views from around the world
922,20 top takes on 2016
923,"The long, strange trip to the 2016 election: a cartoon view"
924,Barack Obama: America will take the giant leap to Mars
925,Michelle Obama: This issue is personal for me
926,Know which VP tackled a Heisman Trophy winner?
927,Could Zika be the next HIV?
928,The real terror threat in America is homegrown
929,Your son needs to read Stanford rape victim's letter
930,'We need a restroom revolution'
931,Rob Ford died of his more acceptable disease
932,The four big questions about Donald Trump (Opinion)
933,David Axelrod: A surprise request from Justice Scalia
934,Donald Trump's Super Tuesday amnesia on race
935,Donald Trump brings out the worst in people
936,Do we need more fake holidays? (Opinion)
937,Is the First Amendment safe from Donald Trump?
938,Which generation has it worse? (Opinion)
939,"Here Is When Each Generation Begins and Ends, According to Facts"
940,Generation X: Americaâs neglected âmiddle childâ
941,Baby Boomers: Five Reasons They Are Our Worst Generation
942,"Bill Clinton: There Are No Great Generations, Just Different Problems"
943,The generation we love to dump on
944,An Online Generation Redefines Mourning
945,Generation X Is Sick of Your Bullshit
946,Why the Current Crop of Twentysomethings Are Going to Be Okay -- New York Magazine
947,My argument with Justice Antonin Scalia (Opinion)
948,Dear Ted Cruz...
949,'I'm the person they call when people die'
950,Goodbye to 'he' and 'she' and hello to 'ze'?
951,Is it ethical to colonize Mars? (Opinion)
952,How 'Back to the Future' blew it
953,I was the unpopular kid. Now I'm a parent. Here's what I learned.
954,Biden on 'Colbert' -- shockingly frank and noble
955,Zuckerberg's important message on miscarriage
956,How outrage over Cecil killing misses the point
957,Why are so many people running for president?
958,Top CNN op-eds of 2015 (so far)
959,Syria crisis: How world should respond (Opinion)
960,Why can't America have high-speed trains?
961,The marriage apocalypse may be coming (Opinion)
962,"Without God, life is still meaningful (Opinion)"
963,Nudity doesn't shock us anymore
964,Why more women choose not to marry
965,The Sassiest Kid Comments
966,Do You Use CBD Oils for Your Child?
967,Why Does My Kid Prefer My Partner?
968,We Want to Hear Your Tiny Victories
969,Congress Nears Stimulus Deal With White House as Wall Street Suffers Rout
970,The President as Bystander: Trump Struggles to Unify a Nation on Edge
971,Louisiana Postpones April Primary as 4 More States Prepare to Vote on Tuesday
972,Afraid of Coronavirus? That Might Say Something About Your Politics
973,Joe Bidenâs Young Voter Problem: They Donât Think Heâs Listening
974,American Astronomyâs Future Goes on Trial in Washington
975,Trump Administration Moves to Speed Coronavirus Testing
976,China Spins Tale That the U.S. Army Started the Coronavirus Epidemic
977,Trump Falsely Tries to Tie Obama to C.D.C.âs âInadequateâ Testing System
978,On Politics: âA Major Warâ
979,Travelers From Coronavirus Hot Spots Say They Faced No Screening
980,White House Pushes to Recover Americans Held Overseas
981,"News Quiz: Coronavirus, Joe Biden, Oil Prices"
982,Pentagon Asks to Reconsider Awarding Huge Cloud Contract to Amazon
983,The New York Times
984,The New York Times
1029,Aloo Masala (Spiced Potatoes) Recipe
1030,Aloo Masala (Spiced Potatoes) Recipe
1031,Aloo Masala (Spiced Potatoes) Recipe
1032,Roast Chicken in a Butter Crust Recipe
1033,Salt-and-Pepper Roast Chicken Recipe
1034,Splayed Roast Chicken With Caramelized Ramps Recipe
1035,Vegetarian Chili With Winter Vegetables Recipe
1036,Deborah Madison's Fragrant Onion Tart Recipe
1037,Baked Bean and Cheese Quesadillas Recipe
1038,5-Minute Hummus Recipe
1039,Tejal Raoâs 10 Essential Indian Recipes
1040,30 Recipes for Lunch at Home
1041,"Recipes for Nowruz, the Persian New Year"
1042,How to Stock a Modern Pantry
1043,How to Use an Instant Pot
1044,How to Make Sourdough Bread
1045,Coronavirus Live Updates: Trump to Declare National Emergency and Louisiana Will Delay Primary
1046,Wall Street Rises After Historic Plunge: Live Market Updates
1047,Wall Street Rises After Historic Plunge: Live Market Updates
1048,Fears Rise for World Leaders as Officials Test Positive for Virus
1049,Worst-Case Estimates for U.S. Coronavirus Deaths
1050,Worst-Case Estimates for U.S. Coronavirus Deaths
1051,"Coronavirus in N.Y.C.: Pressure to Close School System, Nationâs Largest"
1052,Travel and the Coronavirus: Answers to Your Top Questions
1053,How to Clean Your Phone to Help Protect Against Coronavirus
1054,"Amid Coronavirus Anxiety, Should I Stop Making 401(k) Contributions?"
1055,"Stocking Your Pantry, the Smart Way"
1056,Learning to Live With the Coronavirus
1057,Opinion | The Pandemic vs. The President
1058,Two Women Fell Sick From the Coronavirus. One Survived.
1059,Meet the New Drive-Through: A Coronavirus Clinic Serving Up Swabs
1060,Efforts to Control Coronavirus in the U.S. Could Get Even More Extreme
1061,The President as Bystander: Trump Struggles to Unify a Nation on Edge
1062,"From Rocky Season to No Season, Inside the N.B.A.âs Decision to Freeze"
1063,"Stephen Sondheim, the Man Who Felt Too Much"
1064,"Stephen Sondheim, the Man Who Felt Too Much"
1065,Itâs Not the Music. Itâs Not the Lyrics. Itâs the Drama.
1066,"Barbra Streisand, James Corden and More on Their Favorite Sondheim Song"
1067,"The Women Who Defied Boko Haram, and Survived"
1068,The Weekly | Meet the Woman Who Outsmarted Boko Haram
1069,Opinion | How to Fix the Coronavirus Testing Mess in 7 Days
1070,Opinion | How to Fix the Coronavirus Testing Mess in 7 Days
1071,"With Coronavirus, It's Time to Declare a National Emergency - The New York Times"
1072,"With Coronavirus, It's Time to Declare a National Emergency - The New York Times"
1073,"Opinion | How Much Worse the Coronavirus Could Get, in Charts"
1074,"Opinion | The Government Has Failed on Coronavirus, but There Is Still Time"
1075,Opinion | Itâs a MAGA Microbe Meltdown
1076,Opinion | Letâs Move Courts Online and Suspend Bail for Nonviolent Offenses
1077,Opinion | Broadway Is Closed. Write Poems Instead.
1078,The Rise and Fall of M.B.S.âs Digital Henchman
1079,Opinion | A Story From Inside the Coronavirusâ Early Whirlwinds
1080,Opinion | Theyâve Contained the Coronavirus. Hereâs How.
1081,Opinion | We Need to Flatten the Curve. Trump and Fox Are Behind It.
1082,The Mystery of the Missing Bus Riders
1083,âAgnes of the Desertâ Joins Modernismâs Pantheon
1084,Donât Toss This Food Scrap (It Could Be Vastly Improving Your Dishes)
1085,Wall Street Rises After Historic Plunge: Live Market Updates
1086,Wall Street Rises After Historic Plunge: Live Market Updates
1087,Fears Rise for World Leaders as Officials Test Positive for Virus
1088,Worst-Case Estimates for U.S. Coronavirus Deaths
1089,Worst-Case Estimates for U.S. Coronavirus Deaths
1090,"Coronavirus in N.Y.C.: Pressure to Close School System, Nationâs Largest"
1091,Learning to Live With the Coronavirus
1092,Opinion | The Pandemic vs. The President
1093,Two Women Fell Sick From the Coronavirus. One Survived.
1094,Meet the New Drive-Through: A Coronavirus Clinic Serving Up Swabs
1095,Efforts to Control Coronavirus in the U.S. Could Get Even More Extreme
1096,The President as Bystander: Trump Struggles to Unify a Nation on Edge
1097,The President as Bystander: Trump Struggles to Unify a Nation on Edge
1098,Afraid of Coronavirus? That Might Say Something About Your Politics
1099,"From Rocky Season to No Season, Inside the N.B.A.âs Decision to Freeze"
1100,"Stephen Sondheim, the Man Who Felt Too Much"
1101,"Stephen Sondheim, the Man Who Felt Too Much"
1102,Itâs Not the Music. Itâs Not the Lyrics. Itâs the Drama.
1103,"Barbra Streisand, James Corden and More on Their Favorite Sondheim Song"
1104,"The Women Who Defied Boko Haram, and Survived"
1105,The Weekly | Meet the Woman Who Outsmarted Boko Haram
1106,Opinion | How to Fix the Coronavirus Testing Mess in 7 Days
1107,Opinion | How to Fix the Coronavirus Testing Mess in 7 Days
1108,"With Coronavirus, It's Time to Declare a National Emergency - The New York Times"
1109,"With Coronavirus, It's Time to Declare a National Emergency - The New York Times"
1110,"Opinion | How Much Worse the Coronavirus Could Get, in Charts"
1111,"Opinion | The Government Has Failed on Coronavirus, but There Is Still Time"
1112,Opinion | Itâs a MAGA Microbe Meltdown
1113,Opinion | Letâs Move Courts Online and Suspend Bail for Nonviolent Offenses
1114,Opinion | Broadway Is Closed. Write Poems Instead.
1115,The Rise and Fall of M.B.S.âs Digital Henchman
1116,Opinion | A Story From Inside the Coronavirusâ Early Whirlwinds
1117,Opinion | Theyâve Contained the Coronavirus. Hereâs How.
1118,Opinion | We Need to Flatten the Curve. Trump and Fox Are Behind It.
1119,The Mystery of the Missing Bus Riders
1120,âAgnes of the Desertâ Joins Modernismâs Pantheon
1121,Donât Toss This Food Scrap (It Could Be Vastly Improving Your Dishes)
1122,US politics
1123,US politics
1124,Local News
1125,US politics
1126,US politics
1127,Explainers
1128,Inside Wuhan: Watching my wife get coronavirus
1129,BBC News
1130,US & Canada
1131,BBC News
1132,Business
1133,Technology
1134,Science & Environment
1135,BBC News
1136,Entertainment & Arts
1137,BBC News
1138,In Pictures
1139,Reality Check
1140,BBC World News: 24 hour news TV channel
1141,Newsbeat
1142,Special reports
1143,Long Reads
1144,Have Your Say
1145,BBC News
1146,BBC News
1147,Australia
1148,BBC News
1149,Latin America & Caribbean
1150,Middle East
1151,BBC News
1152,Northern Ireland
1153,Scotland
1154,BBC News
1155,Local News
1156,Market Data
1157,Global Trade
1158,Companies
1159,Entrepreneurship
1160,Technology of Business
1161,BBC News
1162,Global education
1163,Global Car Industry
1164,Business of Sport
1165,Bernie Sanders: 'We are winning the generational debate'
1166,Cory Booker: Joe Biden endorsed by another ex-rival
1167,Super Tuesday: Why didn't more young people vote?
1168,Super Tuesday results in full: Biden and Sanders out in front
1169,Elizabeth Warren: Where did it go wrong for her?
1170,Anthony Zurcher
1171,Super Tuesday: The winners and losers in Democratic race
1172,Michael Bloomberg: The world's ninth richest man who tried to run for president
1173,Super Tuesday: BBC finds Bloomberg campaign offices empty
1174,Bernie Sanders: Who is the Democratic White House hopeful?
1175,US election 2020: Joe Biden boosted on Super Tuesday
1176,The BBC News app gives you the best of BBC News wherever you are
1177,How to get BBC News on smart speakers
1178,BBC News Alerts
1179,"Contact BBC News online - help, feedback and complaints"
1180,Coronavirus updates: Borders shut as coronavirus cases rise
1181,Coronavirus: Why does the UK have more modest controls?
1182,Things to do indoors with your children
1183,"Katie Price told to pay ex-husband Â£25,000 over sex life claims"
1184,Three British Asian trailblazers you need to know about
1185,Coronavirus pandemic
1186,Coronavirus: Three reasons why the UK might not look like Italy
1187,Coronavirus: How many cases are there in your area?
1188,"Coronavirus: Europe now epicentre of the pandemic, says WHO"
1189,Coronavirus: English local elections postponed for a year
1190,Perimenopause: 'I went from triathlon training to needing naps'
1191,Delhi riots: 'No-one who saw the photo thought I would survive'
1192,Radio 1 Big Weekend cancelled due to coronavirus
1193,Glastonbury 2020 reveals line-up amid uncertainty over coronavirus
1194,Nine things we learned about Judi Dench
1195,Coronavirus: How to clean your smartphone safely
1196,Top 10 garden pests and diseases revealed
1197,Super-easy meals to cook for your friends
1198,"Easy, healthy meals for two"
1199,Greggs bid to crack 'tribal' Cornwall pasty market
1200,Are female urinals the answer to queues at the loos?
1201,Bristol sisters aim to raise awareness of 'honour hate'
1202,Smart motorways plan aims to boost safety
1203,Chelsea Manning case: Judge orders release from prison
1204,Guinea-Bissau: Political chaos could boost cocaine trade
1205,Smallest dinosaur found 'trapped in amber'
1206,Leeds pupil 'sent home' for selling hand sanitiser
1207,Coronavirus updates: Borders shut as coronavirus cases rise
1208,Coronavirus symptoms: What are they and how do I protect myself?
1209,Coronavirus information: What should I do?
1210,Coronavirus: What are your travel rights?
1211,"Coronavirus: Europe now epicentre of the pandemic, says WHO"
1212,Coronavirus: Why systemic problems leave the US at risk
1213,The mother and the murderer
1214,"Canada faces 'danger' from China and Russia, intelligence chief warns"
1215,US-Mexico border: Pregnant woman from Guatemala dies after fall from wall
1216,South African King Dalindyebo arrested after 'axe rampage'
1217,Christchurch mosques shooting victim one-year on
1218,Iraq base attack: US in retaliatory strikes on Iran-backed fighters
1219,Emiliano Sala crash: Pilot Ibbotson 'not licensed for flight'
1220,Why a media mogul was arrested in Pakistan
1221,Thailand protest: Opposition takes to streets in rare protest
1222,Coronavirus: Life inside China's lockdown
1223,Peter Dutton: Australia minister tests positive for virus
1224,Coronavirus: Three reasons why the UK might not look like Italy
1225,Coronavirus: How to clean your smartphone safely
1226,Coronavirus: Indian greeting namaste goes global
1227,Dr Anthony Fauci explains failure of testing in the US
1228,How to sign a digital document
1229,Turkey: Boy saves puppy trapped in oil well
1230,Coronavirus: Fans criticise handling of Australian GP cancellation
1231,Eleonore Laloux is looking to prove it as Franceâs first political candidate with Downâs Syndrome
1232,Quiz of the week: Name Harry and Meghan's royal farewell
1233,Christmas Island: 'A giant robber crab stole my camera'
1234,Saviour of the dead: Burying the bodies India forgets
1235,Coronavirus: Six of President Trump's claims fact-checked
1236,Are female urinals the answer to queues at the loos?
1237,How Europe deals with terror offenders when they are freed from jail
1238,Ethiopia's Ambo city: 'From freedom to repression under Abiy Ahmed'
1239,Guinea-Bissau: Political chaos could boost cocaine trade
1240,Ellie and Nele: From she to he - and back to she again
1241,Blasian love: The day we introduced our black and Asian families
1242,Does being 'TikTok famous' actually make you money?
1243,'My search for the boy in a child abuse video'
1244,Confessions of a call-centre scammer
1245,Canadian PM Trudeau's wife tests positive for coronavirus
1246,AC/DC guitarist Malcolm Young dies at 64
1247,The Muslim clerics preaching for Indonesiaâs peat
1248,"Coronavirus: How to work from home, the right way"
1249,Why is the Palace of Westminster falling apart?
1250,The Plot Against Americaâs vision feels eerily familiar
1251,How much of your body is your own?
1252,How do you keep a space station clean?
1253,The city where you pay a year's rent up front
1254,The BBC News app gives you the best of BBC News wherever you are
1255,Learn how the BBC is working to strengthen trust and transparency in online news
